node_id,name,original_name,former_name,jurisdiction,jurisdiction_description,company_type,address,internal_id,incorporation_date,inactivation_date,struck_off_date,dorm_date,status,service_provider,ibcRUC,country_codes,countries,sourceID,valid_until,note
10007264,RIZA DEVELOPMENT INC.,RIZA DEVELOPMENT INC.,,PMA,Panama,,RIZA DEVELOPMENT INC. C/RAIMUNDO FERNANDEZ VILLAVERDE 19-2º IZQ. 28003 MADRID ESPAÑA *S.I.*,11889,16-NOV-1989,,,,Active,Mossack Fonseca,87,ESP,Spain,Panama Papers,The Panama Papers data is current through 2015,
10017976,SERVICO INTERNATIONAL INC.,SERVICO INTERNATIONAL INC.,,PMA,Panama,,SERVICO INTERNATIONAL INC. C/RAIMUNDO FERNANDEZ VILLAVERDE 19-2º IZQ. 28003 MADRID ESPAÑA,2060,23-DEC-1981,,,,Active,Mossack Fonseca,30,ESP,Spain,Panama Papers,The Panama Papers data is current through 2015,
10019007,Asian Biz Center & Consulting Company Limited,Asian Biz Center & Consulting Company Limited,,SEY,Seychelles,,ASIAN-BIZ CENTER & CONSULTING 26/F; 333 TIAN YAO QIAO ROAD; ASCENDAS PLAZA; SHANGHAI; P.R. OF CHINA,208314,09-OCT-2007,,,,Active,Mossack Fonseca,041296,CHN,China,Panama Papers,The Panama Papers data is current through 2015,
10021518,Rising Dragon International Trading Company Limited,Rising Dragon International Trading Company Limited,,SEY,Seychelles,,ASIAN-BIZ CENTER & CONSULTING 26/F; 333 TIAN YAO QIAO ROAD; ASCENDAS PLAZA; SHANGHAI; P.R. OF CHINA,209068,13-MAR-2008,19-JAN-2015,31-DEC-2014,,Defaulted,Mossack Fonseca,046839,CHN,China,Panama Papers,The Panama Papers data is current through 2015,
10023594,SNA LAND SURVEY LTD,SNA LAND SURVEY LTD,,SEY,Seychelles,,HONG KONG IR SECRETARY LIMITED 1B; 561 NAM BIN TSEUN; FA NLING WAI FAN LING N T NEW TERRITORIES HONG KONG,215432,09-JAN-2013,19-JAN-2015,31-DEC-2014,,Defaulted,Mossack Fonseca,117928,HKG,Hong Kong,Panama Papers,The Panama Papers data is current through 2015,
10025199,ALLIANCE FORTUNE GROUP LIMITED,ALLIANCE FORTUNE GROUP LIMITED,,SEY,Seychelles,,BUSINESS CONSULTANTS LIMITED 18A; 18/F; TWO CHINACHEM PLAZA 68 CONNAUGHT ROAD CENTRAL HONG KONG HONG KONG,214720,22-MAY-2012,17-MAR-2015,31-DEC-2015,,Defaulted,Mossack Fonseca,107906,HKG,Hong Kong,Panama Papers,The Panama Papers data is current through 2015,
10025455,ELITE TEAM INTERNATIONAL LIMITED,ELITE TEAM INTERNATIONAL LIMITED,,SEY,Seychelles,,BUSINESS CONSULTANTS LIMITED 18A; 18/F; TWO CHINACHEM PLAZA 68 CONNAUGHT ROAD CENTRAL HONG KONG HONG KONG,214605,18-APR-2012,17-MAR-2015,31-DEC-2015,,Defaulted,Mossack Fonseca,106476,HKG,Hong Kong,Panama Papers,The Panama Papers data is current through 2015,
10026446,FOX LINE INC.,FOX LINE INC.,,PMA,Panama,,SRA. KIKUKO ATARASHI CALLE RAIMUNDO FERNANDEZ VILLAVERDE 19-2º IZQ. 28003 MADRID ESPAÑA,2059,02-DEC-1981,,,,Active,Mossack Fonseca,99,ESP,Spain,Panama Papers,The Panama Papers data is current through 2015,
10029624,Gentruth Limited,Gentruth Limited,,SEY,Seychelles,,HONG KONG IR SECRETARY LIMITED 1B; 561 NAM BIN TSEUN; FA NLING WAI FAN LING N T NEW TERRITORIES HONG KONG,215487,24-JAN-2013,19-JAN-2015,31-DEC-2014,,Defaulted,Mossack Fonseca,118718,HKG,Hong Kong,Panama Papers,The Panama Papers data is current through 2015,
10030299,WISE WIN DEVELOPMENT LIMITED,WISE WIN DEVELOPMENT LIMITED,,SEY,Seychelles,,BUSINESS CONSULTANTS LIMITED 18A; 18/F; TWO CHINACHEM PLAZA 68 CONNAUGHT ROAD CENTRAL HONG KONG HONG KONG,214627,25-APR-2012,12-MAR-2015,31-DEC-2015,,Defaulted,Mossack Fonseca,106778,HKG,Hong Kong,Panama Papers,The Panama Papers data is current through 2015,
10030308,GOOD CHOICE GROUP LIMITED,GOOD CHOICE GROUP LIMITED,,SEY,Seychelles,,BUSINESS CONSULTANTS LIMITED 18A; 18/F; TWO CHINACHEM PLAZA 68 CONNAUGHT ROAD CENTRAL HONG KONG HONG KONG,214630,25-APR-2012,17-MAR-2015,31-DEC-2015,,Defaulted,Mossack Fonseca,106771,HKG,Hong Kong,Panama Papers,The Panama Papers data is current through 2015,
10032415,PRESS LINE INC.,PRESS LINE INC.,,PMA,Panama,,PRESS LINE INC. C/RAIMUNDO FERNANDEZ VILLAVERDE 19-2º IZQ. 28003 MADRID ESPAÑA *S.I.*,2265,08-JAN-1982,,,,Active,Mossack Fonseca,76,ESP,Spain,Panama Papers,The Panama Papers data is current through 2015,
10033609,TOTAL WIN INTERNATIONAL LTD.,TOTAL WIN INTERNATIONAL LTD.,,SEY,Seychelles,,BUSINESS CONSULTANTS LIMITED 18A; 18/F; TWO CHINACHEM PLAZA 68 CONNAUGHT ROAD CENTRAL HONG KONG HONG KONG,214836,13-JUL-2012,,,,Active,Mossack Fonseca,110118,HKG,Hong Kong,Panama Papers,The Panama Papers data is current through 2015,
10034210,SUCCESS WAY HOLDINGS LIMITED,SUCCESS WAY HOLDINGS LIMITED,,SEY,Seychelles,,BUSINESS CONSULTANTS LIMITED 18A; 18/F; TWO CHINACHEM PLAZA 68 CONNAUGHT ROAD CENTRAL HONG KONG HONG KONG,214633,25-APR-2012,17-MAR-2015,31-DEC-2015,,Defaulted,Mossack Fonseca,106776,HKG,Hong Kong,Panama Papers,The Panama Papers data is current through 2015,
10065063,MATTERDALE PROPERTIES LIMITED,MATTERDALE PROPERTIES LIMITED,,BVI,British Virgin Islands,,BUSINESS CONSULTANTS LIMITED 18A; 18/F; TWO CHINACHEM PLAZA 68 CONNAUGHT ROAD CENTRAL HONG KONG HONG KONG,512324,24-OCT-1994,03-MAY-2005,30-APR-2005,,Defaulted,Mossack Fonseca,131395,HKG,Hong Kong,Panama Papers,The Panama Papers data is current through 2015,
10087222,RITDATA HOLDINGS LIMITED,RITDATA HOLDINGS LIMITED -EX-SUN TALENT HOLDINGS,SUN TALENT HOLDINGS,BVI,British Virgin Islands,,BUSINESS CONSULTANTS LIMITED 18A; 18/F; TWO CHINACHEM PLAZA 68 CONNAUGHT ROAD CENTRAL HONG KONG HONG KONG,538920,08-SEP-2000,28-OCT-2004,30-APR-2006,,Changed agent,Mossack Fonseca,405614,HKG,Hong Kong,Panama Papers,The Panama Papers data is current through 2015,
10090592,G. BROTHERS LTD.,G. BROTHERS LTD. EX-MIODOG SECURITIES INC.,MIODOG SECURITIES INC.,BVI,British Virgin Islands,,"SAKURA KYODO LAW OFFICES NBF HIBIYA BLDG. 16F 1-1-7  UCHISAIWAICHO CHIYODA-KU, TOKYO 100-0011 JAPAN",540080,24-NOV-2000,04-AUG-2014,30-APR-2013,,Changed agent,Mossack Fonseca,418641,JPN,Japan,Panama Papers,The Panama Papers data is current through 2015,
10090596,G. HOLDING LTD.,G. HOLDING LTD. EX-RUNDA FINANCE S.A.,RUNDA FINANCE S.A.,BVI,British Virgin Islands,,"SAKURA KYODO LAW OFFICES NBF HIBIYA BLDG. 16F 1-1-7  UCHISAIWAICHO CHIYODA-KU, TOKYO 100-0011 JAPAN",540081,24-NOV-2000,20-OCT-2014,30-APR-2013,,Changed agent,Mossack Fonseca,418640,JPN,Japan,Panama Papers,The Panama Papers data is current through 2015,
10090758,MASSHOST INTERNATIONAL LIMITED,MASSHOST INTERNATIONAL LIMITED,,BVI,British Virgin Islands,,MASSHOST INTERNATIONAL LIMITED UNIT B; 3RD FLOOR; BLOCK 10 RICHWOOD PARK 33 LO FAI ROAD; TAI PO; NEW TERRITORIES HONG KONG,536134,29-MAR-2000,05-NOV-2003,31-OCT-2003,,Defaulted,Mossack Fonseca,379126,HKG,Hong Kong,Panama Papers,The Panama Papers data is current through 2015,
10090905,SCCOTON FINANCE LTD.,SCCOTON FINANCE LTD.,,BVI,British Virgin Islands,,BUSINESS CONSULTANTS LIMITED 18A; 18/F; TWO CHINACHEM PLAZA 68 CONNAUGHT ROAD CENTRAL HONG KONG HONG KONG,539293,28-SEP-2000,02-MAY-2003,30-APR-2003,,Defaulted,Mossack Fonseca,409366,HKG,Hong Kong,Panama Papers,The Panama Papers data is current through 2015,
10094143,BELKING INTERNATIONAL LTD.,BELKING INTERNATIONAL LTD.,,BVI,British Virgin Islands,,BUSINESS CONSULTANTS LIMITED 18A; 18/F; TWO CHINACHEM PLAZA 68 CONNAUGHT ROAD CENTRAL HONG KONG HONG KONG,541229,01-FEB-2001,06-NOV-2008,31-OCT-2008,,Defaulted,Mossack Fonseca,430051,HKG,Hong Kong,Panama Papers,The Panama Papers data is current through 2015,
10126784,BusiJet International Corporation Ltd,BusiJet International Corporation Ltd,,BVI,British Virgin Islands,,"OLIVIER BRUNISHOLZ C/O BRINER-BRUNISHOLZ COURS DES BASTIONS, 5; 1205 GENEVA GENEVE SWITZERLAND",584366,29-APR-2004,,,,Active,Mossack Fonseca,594475,CHE,Switzerland,Panama Papers,The Panama Papers data is current through 2015,
10155216,FITOM LIMITED,FITOM LIMITED,,BVI,British Virgin Islands,,HONG KONG IR SECRETARY LIMITED 1B; 561 NAM BIN TSEUN; FA NLING WAI FAN LING N T NEW TERRITORIES HONG KONG,6033963,21-JAN-2013,06-NOV-2014,31-OCT-2014,,Defaulted,Mossack Fonseca,,HKG,Hong Kong,Panama Papers,The Panama Papers data is current through 2015,
10186860,ORGANO SERV LIMITED,ORGANO SERV LIMITED,,ANG,British Anguilla,,HONG KONG IR SECRETARY LIMITED 1B; 561 NAM BIN TSEUN; FA NLING WAI FAN LING N T NEW TERRITORIES HONG KONG,2002552,26-MAR-2013,26-FEB-2014,28-SEP-2014,,Defaulted,Mossack Fonseca,2266422,HKG,Hong Kong,Panama Papers,The Panama Papers data is current through 2015,
10190271,Rising Dragon Group Holdings Co. Ltd.,Rising Dragon Group Holdings Co. Ltd.,,SEY,Seychelles,,HONG KONG IR SECRETARY LIMITED 1B; 561 NAM BIN TSEUN; FA NLING WAI FAN LING N T NEW TERRITORIES HONG KONG,215274,21-NOV-2012,19-JAN-2015,31-DEC-2014,,Defaulted,Mossack Fonseca,115702,HKG,Hong Kong,Panama Papers,The Panama Papers data is current through 2015,
144284,Insight Networks Inc,,,BVI,British Virgin Islands,Standard International Company,,,18-MAR-1999,,,,Struck / Defunct / Deregistered,Portcullis Trustnet,317272,VGB,British Virgin Islands,Offshore Leaks,The Offshore Leaks data is current through 2010,
185138,Nakaya Zensuke  Nakaya Setsu & Nakaya Yoshifumi as joint tenants,,,XXX,Undetermined,Client Sundry Account,,,,,,,,Portcullis Trustnet,,XXX,Not identified,Offshore Leaks,The Offshore Leaks data is current through 2010,This is not an offshore entity even though it was logged as such in original database ICIJ received. It isi an internal account created by the agent to record miscellaneous charges of an officer or intermediary
240083472,BALHURST INVESTMENTS LIMITED,,,,,,,,,,,,Inactive,,64655,,,"Pandora Papers - Alemán, Cordero, Galindo & Lee (Alcogal)",Provider data is current through 2018,
240080854,BURSILK INVESTMENTS LIMITED,,,,,,,,,,,,Inactive,,72757,,,"Pandora Papers - Alemán, Cordero, Galindo & Lee (Alcogal)",Provider data is current through 2017,
55050229,Wagokoro Navigatio Company Limited,,,MLT,Malta,,,,05-OCT-2012,,,,,,C55203,MLT,Malta,Paradise Papers - Malta corporate registry,Malta corporate registry data is current through 2016,
55053622,SUPERO LIMITED,,,MLT,Malta,,,,19-NOV-2012,,,,,,C58258,MLT,Malta,Paradise Papers - Malta corporate registry,Malta corporate registry data is current through 2016,
55063568,DARLEY CONSULTING CO LTD,,,MLT,Malta,,,,20-OCT-2014,,,,,,C67209,MLT,Malta,Paradise Papers - Malta corporate registry,Malta corporate registry data is current through 2016,
55069655,K & S BROTHERS INVESTMENT LTD,,,MLT,Malta,,,,16-OCT-2015,,,,,,C72688,MLT,Malta,Paradise Papers - Malta corporate registry,Malta corporate registry data is current through 2016,
55081021,KONICA MINOLTA BUSINESS SOLUTIONS EUROPE GMBH,,,MLT,Malta,,,,12-DEC-2008,,,,Struck Off,,OC415,MLT,Malta,Paradise Papers - Malta corporate registry,Malta corporate registry data is current through 2016,
65000389,YAZAKI EDS SAMOA LIMITED,,,SAM,Samoa,,,,,,,,,,,WSM,Samoa,Paradise Papers - Samoa corporate registry,Samoa corporate registry data is current through 2016,
65001113,GRACE OVERSEAS SAMOA COMPANY LIMITED,,,SAM,Samoa,,,,,,,,,,,WSM,Samoa,Paradise Papers - Samoa corporate registry,Samoa corporate registry data is current through 2016,
65403869,"KONOIKE CONSTRUCTION CO., LTD",,,SAM,Samoa,,,,,,,,,,,WSM,Samoa,Paradise Papers - Samoa corporate registry,Samoa corporate registry data is current through 2016,
65504569,"J-WAY, LTD",,,SAM,Samoa,,,,,,,,,,,WSM,Samoa,Paradise Papers - Samoa corporate registry,Samoa corporate registry data is current through 2016,
65504570,J-WAY (PACIFIC) LTD,,,SAM,Samoa,,,,,,,,,,,WSM,Samoa,Paradise Papers - Samoa corporate registry,Samoa corporate registry data is current through 2016,
240210354,BIB LIMITED,,,,,,,,,,,,,,128980,,,Pandora Papers - CILTrust International,Provider data is current through 2017,
240210452,DOUBLE WIN INTERNATIONAL LTD. 再勝國際有限公司,,,,,,,,,,,,,,58923,,,Pandora Papers - CILTrust International,Provider data is current through 2018,
240211120,IMG LIMITED,,,,,,,,,,,,,,128981,,,Pandora Papers - CILTrust International,Provider data is current through 2017,
240211202,EASY VANTAGE INT’L LIMITED,,,,,,,,,,,,,,110798,,,Pandora Papers - CILTrust International,Provider data is current through 2018,
240210567,"SONIC INT'L CO., LTD",,,,,,,,,,,,,,118442,,,Pandora Papers - CILTrust International,Provider data is current through 2018,
240400001,2Y INTERNATIONAL LIMITED,,,HKG,Hong Kong,,,,,,,,,,,,,Pandora Papers - Il Shin Corporate Consulting Limited,Provider data is current through 2019,
240400002,ACCOMMATE HOLDINGS LIMITED ( 艾克瑪特集團有限公司),,,HKG,Hong Kong,,,,,,,,,,1292258,,,Pandora Papers - Il Shin Corporate Consulting Limited,Provider data is current through 2018,
240400003,ACCOMMATE HONG KONG LIMITED,,,HKG,Hong Kong,,,,,,,,,,1806055,,,Pandora Papers - Il Shin Corporate Consulting Limited,Provider data is current through 2018,
240400004,ADHESIVE TECHNOLOGY LIMITED,,,HKG,Hong Kong,,,,,,,,,,,,,Pandora Papers - Il Shin Corporate Consulting Limited,Provider data is current through 2019,
240400005,AI STARS LIMITED ( 幻星有限公司),,,HKG,Hong Kong,,,,,,,,,,2472653,,,Pandora Papers - Il Shin Corporate Consulting Limited,Provider data is current through 2018,
240400006,ALLIED HOPE LIMITED ( 協浩有限公司),,,HKG,Hong Kong,,,,,,,,,,1885901,,,Pandora Papers - Il Shin Corporate Consulting Limited,Provider data is current through 2018,
240400007,AMPLE BRIGHT INVESTMENT LIMITED ( 興輝投資有限公司),,,HKG,Hong Kong,,,,,,,,,,2483636,,,Pandora Papers - Il Shin Corporate Consulting Limited,Provider data is current through 2018,
240400008,ANAM ELECTRONICS H.K. LIMITED ( 亞南電子香港有限公司),,,HKG,Hong Kong,,,,,,,,,,594727,,,Pandora Papers - Il Shin Corporate Consulting Limited,Provider data is current through 2018,
240400009,ASIA INVESTMENT CAPITAL HOLDINGS HONG KONG LIMITED,,,HKG,Hong Kong,,,,,,,,,,2603285,,,Pandora Papers - Il Shin Corporate Consulting Limited,Provider data is current through 2018,
240400010,ASIA MISSIONARY ASSOCIATION SEMINARY LIMITED,,,HKG,Hong Kong,,,,,,,,,,2022842,,,Pandora Papers - Il Shin Corporate Consulting Limited,Provider data is current through 2018,
240400011,ASIAN EFFORT LIMITED ( 貿駿有限公司),,,HKG,Hong Kong,,,,,,,,,,2183214,,,Pandora Papers - Il Shin Corporate Consulting Limited,Provider data is current through 2020,
240400012,"AVALON ENGLISH HOLDINGS CO., LIMITED",,,HKG,Hong Kong,,,,,,,,,,1254674,,,Pandora Papers - Il Shin Corporate Consulting Limited,Provider data is current through 2018,
240400013,B&S LOGISTICS HK LIMITED,,,HKG,Hong Kong,,,,,,,,,,1119776,,,Pandora Papers - Il Shin Corporate Consulting Limited,Provider data is current through 2018,
240400014,BENSON ASSET MANAGEMENT COMPANY LIMITED,,,HKG,Hong Kong,,,,,,,,,,1176614,,,Pandora Papers - Il Shin Corporate Consulting Limited,Provider data is current through 2019,
240400015,"BERGLUFT CO., LIMITED",,,HKG,Hong Kong,,,,,,,,,,2358857,,,Pandora Papers - Il Shin Corporate Consulting Limited,Provider data is current through 2019,
240400016,"BICO TRIP (HK) CO., LIMITED",,,HKG,Hong Kong,,,,,,,,,,1613139,,,Pandora Papers - Il Shin Corporate Consulting Limited,Provider data is current through 2018,
240400017,BLAAD HOLDINGS LIMITED,,,HKG,Hong Kong,,,,,,,,,,2462300,,,Pandora Papers - Il Shin Corporate Consulting Limited,Provider data is current through 2018,
240400018,BLAAD STUDIOS LIMITED,,,HKG,Hong Kong,,,,,,,,,,165051,,,Pandora Papers - Il Shin Corporate Consulting Limited,Provider data is current through 2018,
240400019,BLACKBEAN INVESTMENT LIMITED,,,HKG,Hong Kong,,,,,,,,,,2545491,,,Pandora Papers - Il Shin Corporate Consulting Limited,Provider data is current through 2018,
240400020,"BLESSING NANOSOFT CO., LIMITED",,,HKG,Hong Kong,,,,,,,,,,1281014,,,Pandora Papers - Il Shin Corporate Consulting Limited,Provider data is current through 2018,
240400021,BRILLIANT HOLDINGS (GROUP) LIMITED ( 輝煌控股(集團)有限公司),,,HKG,Hong Kong,,,,,,,,,,1402905,,,Pandora Papers - Il Shin Corporate Consulting Limited,Provider data is current through 2018,
240400022,BT7 GLOBAL LIMITED,,,HKG,Hong Kong,,,,,,,,,,,,,Pandora Papers - Il Shin Corporate Consulting Limited,Provider data is current through nan,
240400023,"BUMIL (H.K.) CO., LIMITED",,,HKG,Hong Kong,,,,,,,,,,,,,Pandora Papers - Il Shin Corporate Consulting Limited,Provider data is current through 2019,
240400024,CADEAUX LIMITED,,,HKG,Hong Kong,,,,,,,,,,657185,,,Pandora Papers - Il Shin Corporate Consulting Limited,Provider data is current through 2018,
240400025,CANTARA CHINA CONSULTING GROUP LIMITED,,,HKG,Hong Kong,,,,,,,,,,2388761,,,Pandora Papers - Il Shin Corporate Consulting Limited,Provider data is current through 2018,
240400026,CANTARA GLOBAL HOLDINGS LIMITED,,,HKG,Hong Kong,,,,,,,,,,2295513,,,Pandora Papers - Il Shin Corporate Consulting Limited,Provider data is current through 2018,
240400027,CASS MARITIME (HONG KONG) LIMITED,,,HKG,Hong Kong,,,,,,,,,,1141414,,,Pandora Papers - Il Shin Corporate Consulting Limited,Provider data is current through 2018,
240400028,"CEKO HK CO., LIMITED",,,HKG,Hong Kong,,,,,,,,,,2173290,,,Pandora Papers - Il Shin Corporate Consulting Limited,Provider data is current through 2018,
240400029,CENTRE OFMOM HONG KONG COMPANY LIMITED,,,HKG,Hong Kong,,,,,,,,,,2342183,,,Pandora Papers - Il Shin Corporate Consulting Limited,Provider data is current through 2018,
240400030,CGT 42 LIMITED,,,HKG,Hong Kong,,,,,,,,,,1991363,,,Pandora Papers - Il Shin Corporate Consulting Limited,Provider data is current through 2018,
240400031,CHAMPION SPORT CLUB LIMITED ( 卓恆體育會有限公司),,,HKG,Hong Kong,,,,,,,,,,1123467,,,Pandora Papers - Il Shin Corporate Consulting Limited,Provider data is current through 2020,
240400032,CHICA WORLD CULTURAL PROMULGATION CENTRE LIMITED ( 晉德孔聖堂世界文化弘揚中心有限公司),,,HKG,Hong Kong,,,,,,,,,,2474586,,,Pandora Papers - Il Shin Corporate Consulting Limited,Provider data is current through 2018,
240400033,CHINA VITALITY LIMITED,,,HKG,Hong Kong,,,,,,,,,,1017677,,,Pandora Papers - Il Shin Corporate Consulting Limited,Provider data is current through 2018,
240400034,CHINESE ACADEMY PETERHOUSE KINDERGARTEN LIMITED,,,HKG,Hong Kong,,,,,,,,,,2695388,,,Pandora Papers - Il Shin Corporate Consulting Limited,Provider data is current through 2018,
240400035,CHINESE ACADEMY SCHOOL MANAGEMENT COMMITTEE LIMITED ( 晉德書院學校管理委員會有限公司),,,HKG,Hong Kong,,,,,,,,,,2730384,,,Pandora Papers - Il Shin Corporate Consulting Limited,Provider data is current through 2018,
240400036,CHINESE SPEECH THERAPY ASSOCIATION LIMITED ( 中國言語治療協會有限公司),,,HKG,Hong Kong,,,,,,,,,,2546177,,,Pandora Papers - Il Shin Corporate Consulting Limited,Provider data is current through 2018,
240400037,"CINO-PACIFIC TRADING CO., LIMITED",,,HKG,Hong Kong,,,,,,,,,,1232219,,,Pandora Papers - Il Shin Corporate Consulting Limited,Provider data is current through 2018,
240400038,CLAIRE'S HK LIMITED,,,HKG,Hong Kong,,,,,,,,,,2449317,,,Pandora Papers - Il Shin Corporate Consulting Limited,Provider data is current through 2019,
240400039,CMMC LIMITED,,,HKG,Hong Kong,,,,,,,,,,1113316,,,Pandora Papers - Il Shin Corporate Consulting Limited,Provider data is current through 2018,
240400040,COHO LIFETECHNOLOGIES LIMITED,,,HKG,Hong Kong,,,,,,,,,,1598644,,,Pandora Papers - Il Shin Corporate Consulting Limited,Provider data is current through 2018,
240400041,CONNECTTIN LIMITED,,,HKG,Hong Kong,,,,,,,,,,1010011,,,Pandora Papers - Il Shin Corporate Consulting Limited,Provider data is current through 2018,
240400042,CONNECTTIN LIMITED,,,HKG,Hong Kong,,,,,,,,,,,,,Pandora Papers - Il Shin Corporate Consulting Limited,Provider data is current through 2018,
240400043,CONTINENTAL CROSSOVER INVESTMENT LIMITED,,,HKG,Hong Kong,,,,,,,,,,2278646,,,Pandora Papers - Il Shin Corporate Consulting Limited,Provider data is current through 2020,
240400044,COREE COMPANY LIMITED,,,HKG,Hong Kong,,,,,,,,,,1354633,,,Pandora Papers - Il Shin Corporate Consulting Limited,Provider data is current through 2018,
240400045,CT PLANNING LIMITED,,,HKG,Hong Kong,,,,,,,,,,,,,Pandora Papers - Il Shin Corporate Consulting Limited,Provider data is current through 2019,
240400046,CULTURE TECHNOLOGY GROUP ASIA LIMITED,,,HKG,Hong Kong,,,,,,,,,,2255207,,,Pandora Papers - Il Shin Corporate Consulting Limited,Provider data is current through 2018,
240400047,CYWORLD CHINA (HOLDINGS) LIMITED,,,HKG,Hong Kong,,,,,,,,,,1075706,,,Pandora Papers - Il Shin Corporate Consulting Limited,Provider data is current through 2018,
240400048,"D.GOAT CO., LIMITED",,,HKG,Hong Kong,,,,,,,,,,2539920,,,Pandora Papers - Il Shin Corporate Consulting Limited,Provider data is current through 2018,
240400049,DAOU HONG KONG LIMITED,,,HKG,Hong Kong,,,,,,,,,,1194166,,,Pandora Papers - Il Shin Corporate Consulting Limited,Provider data is current through 2018,
240400050,DATALOGIC ADC HONG KONG LIMITED,,,HKG,Hong Kong,,,,,,,,,,965772,,,Pandora Papers - Il Shin Corporate Consulting Limited,Provider data is current through nan,
240400051,DATALOGIC AUTOMATION ASIA LIMITED,,,HKG,Hong Kong,,,,,,,,,,1111878,,,Pandora Papers - Il Shin Corporate Consulting Limited,Provider data is current through 2018,
240400052,"DH HONG KONG CO., LIMITED",,,HKG,Hong Kong,,,,,,,,,,1915126,,,Pandora Papers - Il Shin Corporate Consulting Limited,Provider data is current through 2018,
240400053,DIGITAL BRIGHT INVESTMENT LIMITED ( 訊暉投資有限公司),,,HKG,Hong Kong,,,,,,,,,,1627379,,,Pandora Papers - Il Shin Corporate Consulting Limited,Provider data is current through 2018,
240400054,DITRAN LIMITED,,,HKG,Hong Kong,,,,,,,,,,1441752,,,Pandora Papers - Il Shin Corporate Consulting Limited,Provider data is current through nan,
240400055,DJ MAG ASIA LIMITED,,,HKG,Hong Kong,,,,,,,,,,2800897,,,Pandora Papers - Il Shin Corporate Consulting Limited,Provider data is current through 2019,
240400056,DKORAM LIMITED,,,HKG,Hong Kong,,,,,,,,,,1605017,,,Pandora Papers - Il Shin Corporate Consulting Limited,Provider data is current through 2018,
240400057,DONNA MODA LIMITED ( 黛娜歐洲時裝批發有限公司),,,HKG,Hong Kong,,,,,,,,,,1131252,,,Pandora Papers - Il Shin Corporate Consulting Limited,Provider data is current through 2018,
240400058,DOOSAN (HONG KONG) LIMITED ( 斗山(香港)有限公司),,,HKG,Hong Kong,,,,,,,,,,73401,,,Pandora Papers - Il Shin Corporate Consulting Limited,Provider data is current through nan,
240400059,DOOSAN ELECTRO-MATERIALS (HONG KONG) LIMITED (  斗山電子 (香港 )有限公司),,,HKG,Hong Kong,,,,,,,,,,615350,,,Pandora Papers - Il Shin Corporate Consulting Limited,Provider data is current through 2018,
240400060,DRAGON CHARTERING LIMITED,,,HKG,Hong Kong,,,,,,,,,,1391462,,,Pandora Papers - Il Shin Corporate Consulting Limited,Provider data is current through 2018,
240400061,DRAGON ONE INVESTMENT LIMITED ( 龍倡投資有限公司),,,HKG,Hong Kong,,,,,,,,,,2830112,,,Pandora Papers - Il Shin Corporate Consulting Limited,Provider data is current through nan,
240400062,DRAGON TRENDY INVESTMENT LIMITED (龍輝投資有限公司),,,HKG,Hong Kong,,,,,,,,,,1677216,,,Pandora Papers - Il Shin Corporate Consulting Limited,Provider data is current through 2018,
240400063,DREAM MAKER ENTERTAINMENT LIMITED,,,HKG,Hong Kong,,,,,,,,,,1066046,,,Pandora Papers - Il Shin Corporate Consulting Limited,Provider data is current through 2018,
240400064,DSECARGONET (HK) LIMITED,,,HKG,Hong Kong,,,,,,,,,,841644,,,Pandora Papers - Il Shin Corporate Consulting Limited,Provider data is current through nan,
240400065,E GREEN GLOBAL HONG KONG LIMITED,,,HKG,Hong Kong,,,,,,,,,,1672128,,,Pandora Papers - Il Shin Corporate Consulting Limited,Provider data is current through 2018,
240400066,EASTERN UNITY LIMITED ( 東雄有限公司),,,HKG,Hong Kong,,,,,,,,,,1989686,,,Pandora Papers - Il Shin Corporate Consulting Limited,Provider data is current through 2018,
240400067,ECOS (HONG KONG) CO. LIMITED,,,HKG,Hong Kong,,,,,,,,,,2171482,,,Pandora Papers - Il Shin Corporate Consulting Limited,Provider data is current through 2018,
240400068,EMB HK LIMITED,,,HKG,Hong Kong,,,,,,,,,,2301156,,,Pandora Papers - Il Shin Corporate Consulting Limited,Provider data is current through 2018,
240400069,EVER PROSPER (ASIA) LIMITED ( 永寶 (亞洲 )有限公司),,,HKG,Hong Kong,,,,,,,,,,2355344,,,Pandora Papers - Il Shin Corporate Consulting Limited,Provider data is current through nan,
240400070,EXPORTKOREA LIMITED,,,HKG,Hong Kong,,,,,,,,,,1826855,,,Pandora Papers - Il Shin Corporate Consulting Limited,Provider data is current through nan,
240400071,FERTILIZER RESOURCES INVESTMENT LIMITED,,,HKG,Hong Kong,,,,,,,,,,1938976,,,Pandora Papers - Il Shin Corporate Consulting Limited,Provider data is current through 2018,
240400072,FIDELIS (H.K.) LIMITED,,,HKG,Hong Kong,,,,,,,,,,2571789,,,Pandora Papers - Il Shin Corporate Consulting Limited,Provider data is current through 2018,
240400073,FILA SPORT (HONG KONG) LIMITED,,,HKG,Hong Kong,,,,,,,,,,228709,,,Pandora Papers - Il Shin Corporate Consulting Limited,Provider data is current through 2018,
240400074,FLYING MOUNTAINS LIMITED ( 飛山科技有限公司),,,HKG,Hong Kong,,,,,,,,,,1540984,,,Pandora Papers - Il Shin Corporate Consulting Limited,Provider data is current through 2020,
240400075,FORTUNE WISER LIMITED ( 業盈有限公司),,,HKG,Hong Kong,,,,,,,,,,1867833,,,Pandora Papers - Il Shin Corporate Consulting Limited,Provider data is current through 2018,
240400076,FOUNT CHINA LIMITED,,,HKG,Hong Kong,,,,,,,,,,2535784,,,Pandora Papers - Il Shin Corporate Consulting Limited,Provider data is current through 2018,
240400077,GCC INTERNATIONAL LIMITED ( 思朗國際有限公司),,,HKG,Hong Kong,,,,,,,,,,1030786,,,Pandora Papers - Il Shin Corporate Consulting Limited,Provider data is current through 2018,
240400078,GG56 CORPORATION LIMITED,,,HKG,Hong Kong,,,,,,,,,,2351032,,,Pandora Papers - Il Shin Corporate Consulting Limited,Provider data is current through 2020,
240400079,"GLASS TREE CO., LIMITED -THE-",,,HKG,Hong Kong,,,,,,,,,,2570674,,,Pandora Papers - Il Shin Corporate Consulting Limited,Provider data is current through nan,
240400080,GLOBAL CHURCH SCHOOL FELLOWSHIP LIMITED ( 國際教會學校協會有限公司),,,HKG,Hong Kong,,,,,,,,,,1432344,,,Pandora Papers - Il Shin Corporate Consulting Limited,Provider data is current through 2018,
240400081,GOLD FOUNDER LIMITED ( 金超有限公司),,,HKG,Hong Kong,,,,,,,,,,1753960,,,Pandora Papers - Il Shin Corporate Consulting Limited,Provider data is current through 2018,
240400082,GRANDLY INTERNATIONAL LIMITED ( 鈞利國際有限公司),,,HKG,Hong Kong,,,,,,,,,,738149,,,Pandora Papers - Il Shin Corporate Consulting Limited,Provider data is current through 2018,
240400083,GRANTEC (HONG KONG) CO. LIMITED ( 香港格聯特貿易有限公司),,,HKG,Hong Kong,,,,,,,,,,2171477,,,Pandora Papers - Il Shin Corporate Consulting Limited,Provider data is current through 2018,
240400084,GREEN GROUND LIMITED,,,HKG,Hong Kong,,,,,,,,,,1191137,,,Pandora Papers - Il Shin Corporate Consulting Limited,Provider data is current through 2018,
240400085,"H & RG SCIENCE CO., LIMITED",,,HKG,Hong Kong,,,,,,,,,,1080148,,,Pandora Papers - Il Shin Corporate Consulting Limited,Provider data is current through 2018,
240400086,"HANYU CHINA CO., LIMITED",,,HKG,Hong Kong,,,,,,,,,,1488241,,,Pandora Papers - Il Shin Corporate Consulting Limited,Provider data is current through 2018,
240400087,HARLAN HOLDEN APAC LIMITED,,,HKG,Hong Kong,,,,,,,,,,2778732,,,Pandora Papers - Il Shin Corporate Consulting Limited,Provider data is current through 2019,
240400088,HARMONIUM CAPITAL LIMITED,,,HKG,Hong Kong,,,,,,,,,,1370235,,,Pandora Papers - Il Shin Corporate Consulting Limited,Provider data is current through 2018,
240400089,HB TRADING HK LIMITED,,,HKG,Hong Kong,,,,,,,,,,2916385,,,Pandora Papers - Il Shin Corporate Consulting Limited,Provider data is current through nan,
240400090,"HDG INVESTMENT CO., LIMITED",,,HKG,Hong Kong,,,,,,,,,,2165436,,,Pandora Papers - Il Shin Corporate Consulting Limited,Provider data is current through 2019,
240400091,HEAD RIGHT LIMITED ( 首正有限公司),,,HKG,Hong Kong,,,,,,,,,,1924603,,,Pandora Papers - Il Shin Corporate Consulting Limited,Provider data is current through 2018,
240400092,HENLIUS HONG KONG HOLDINGS LIMITED,,,HKG,Hong Kong,,,,,,,,,,2357373,,,Pandora Papers - Il Shin Corporate Consulting Limited,Provider data is current through nan,
240400093,"HIGHTECHSIDUS CO., LIMITED ( 旺運實業有限公司)",,,HKG,Hong Kong,,,,,,,,,,2024132,,,Pandora Papers - Il Shin Corporate Consulting Limited,Provider data is current through 2018,
240400094,HIMTON LIMITED ( 合滙有限公司),,,HKG,Hong Kong,,,,,,,,,,1885884,,,Pandora Papers - Il Shin Corporate Consulting Limited,Provider data is current through 2018,
240400095,HONG FUNG LIMITED ( 康豐有限公司),,,HKG,Hong Kong,,,,,,,,,,,,,Pandora Papers - Il Shin Corporate Consulting Limited,Provider data is current through 2018,
240400096,HONG FUNG LIMITED ( 康豐有限公司),,,HKG,Hong Kong,,,,,,,,,,912086,,,Pandora Papers - Il Shin Corporate Consulting Limited,Provider data is current through nan,
240400097,HONG IN LIMITED,,,HKG,Hong Kong,,,,,,,,,,1768009,,,Pandora Papers - Il Shin Corporate Consulting Limited,Provider data is current through 2018,
240400098,HONG KONG CARVERKOREA LIMITED,,,HKG,Hong Kong,,,,,,,,,,2326944,,,Pandora Papers - Il Shin Corporate Consulting Limited,Provider data is current through 2018,
240400099,HONG KONG ELIM PRESBYTERIAN CHURCH LIMITED (  香港以琳教會有限公司),,,HKG,Hong Kong,,,,,,,,,,814653,,,Pandora Papers - Il Shin Corporate Consulting Limited,Provider data is current through 2018,
240400100,HONG KONG NWC LIMITED,,,HKG,Hong Kong,,,,,,,,,,2230677,,,Pandora Papers - Il Shin Corporate Consulting Limited,Provider data is current through 2018,
240400101,HONG KONG ZHUHAI XIANGZHOU ASSOCIATION LIMITED (  香港珠海香洲聯誼會有限公司),,,HKG,Hong Kong,,,,,,,,,,2739560,,,Pandora Papers - Il Shin Corporate Consulting Limited,Provider data is current through nan,
240400102,HONOUR PLUS INC LIMITED ( 灃邦有限公司),,,HKG,Hong Kong,,,,,,,,,,2247603,,,Pandora Papers - Il Shin Corporate Consulting Limited,Provider data is current through 2020,
240400103,HOPE FORD INVESTMENT LIMITED ( 合俊投資有限公司),,,HKG,Hong Kong,,,,,,,,,,1226559,,,Pandora Papers - Il Shin Corporate Consulting Limited,Provider data is current through 2018,
240400104,HOTEL LOTTE HOLDINGS HK LIMITED,,,HKG,Hong Kong,,,,,,,,,,1967959,,,Pandora Papers - Il Shin Corporate Consulting Limited,Provider data is current through nan,
240400105,HT MEMORY LIMITED,,,HKG,Hong Kong,,,,,,,,,,2103793,,,Pandora Papers - Il Shin Corporate Consulting Limited,Provider data is current through 2018,
240400106,I-SENS HONG KONG LIMITED ( 愛森斯香港有限公司),,,HKG,Hong Kong,,,,,,,,,,1950453,,,Pandora Papers - Il Shin Corporate Consulting Limited,Provider data is current through 2018,
240400107,I.S. NOMINEE LIMITED,,,HKG,Hong Kong,,,,,,,,,,950798,,,Pandora Papers - Il Shin Corporate Consulting Limited,Provider data is current through 2018,
240400108,"IDK CO., LIMITED ( 東廣國際有限公司)",,,HKG,Hong Kong,,,,,,,,,,1060273,,,Pandora Papers - Il Shin Corporate Consulting Limited,Provider data is current through 2018,
240400109,IL SHIN CORPORATE CONSULTING LIMITED,,,HKG,Hong Kong,,,,,,,,,,909379,,,Pandora Papers - Il Shin Corporate Consulting Limited,Provider data is current through 2018,
240400110,IL SHIN CPA LIMITED,,,HKG,Hong Kong,,,,,,,,,,1101622,,,Pandora Papers - Il Shin Corporate Consulting Limited,Provider data is current through 2018,
240400111,IL SHIN GLOBAL LIMITED,,,HKG,Hong Kong,,,,,,,,,,,,,Pandora Papers - Il Shin Corporate Consulting Limited,Provider data is current through 2019,
240400112,INCREX INTERNATIONAL LIMITED ( 英科瑞國際有限公司),,,HKG,Hong Kong,,,,,,,,,,2442794,,,Pandora Papers - Il Shin Corporate Consulting Limited,Provider data is current through 2018,
240400113,INFOTEC LIMITED ( 訊達有限公司),,,HKG,Hong Kong,,,,,,,,,,1699499,,,Pandora Papers - Il Shin Corporate Consulting Limited,Provider data is current through 2018,
240400114,INSTER HONG KONG LIMITED,,,HKG,Hong Kong,,,,,,,,,,2718889,,,Pandora Papers - Il Shin Corporate Consulting Limited,Provider data is current through 2019,
240400115,INTERBEX TECHNOLOGY (HONG KONG) COMPANY LIMITED,,,HKG,Hong Kong,,,,,,,,,,2065891,,,Pandora Papers - Il Shin Corporate Consulting Limited,Provider data is current through 2018,
240400116,"INTERMEDIA P&H HK CO., LIMITED",,,HKG,Hong Kong,,,,,,,,,,2340199,,,Pandora Papers - Il Shin Corporate Consulting Limited,Provider data is current through 2018,
240400117,INTERNATIONAL CHINESE ACADEMY EDUCATION LIMITED,,,HKG,Hong Kong,,,,,,,,,,2299287,,,Pandora Papers - Il Shin Corporate Consulting Limited,Provider data is current through nan,
240400118,J&PARTNERS LIMITED,,,HKG,Hong Kong,,,,,,,,,,2206428,,,Pandora Papers - Il Shin Corporate Consulting Limited,Provider data is current through 2018,
240400119,JAGEER LIMITED,,,HKG,Hong Kong,,,,,,,,,,965965,,,Pandora Papers - Il Shin Corporate Consulting Limited,Provider data is current through 2018,
240400120,JEBON ASIA LIMITED ( 濟本有限公司),,,HKG,Hong Kong,,,,,,,,,,914824,,,Pandora Papers - Il Shin Corporate Consulting Limited,Provider data is current through 2018,
240400121,JG CHRISTIAN CHARITY FOUNDATION LIMITED,,,HKG,Hong Kong,,,,,,,,,,2122869,,,Pandora Papers - Il Shin Corporate Consulting Limited,Provider data is current through 2018,
240400122,"JINYOUNG (H.K.) ELECTRO-MECHANICS CO., LIMITED ( 珍迎(香港)電機有限公司)",,,HKG,Hong Kong,,,,,,,,,,984585,,,Pandora Papers - Il Shin Corporate Consulting Limited,Provider data is current through nan,
240400123,JJ EYEWORKS LIMITED,,,HKG,Hong Kong,,,,,,,,,,2016502,,,Pandora Papers - Il Shin Corporate Consulting Limited,Provider data is current through 2019,
240400124,JM GLOBAL RESOURCES LIMITED,,,HKG,Hong Kong,,,,,,,,,,1381658,,,Pandora Papers - Il Shin Corporate Consulting Limited,Provider data is current through 2018,
240400125,JM NETWORKS HONG KONG LIMITED,,,HKG,Hong Kong,,,,,,,,,,,,,Pandora Papers - Il Shin Corporate Consulting Limited,Provider data is current through 2018,
240400126,"JNJ ASSET MANAGEMENT CO., LIMITED",,,HKG,Hong Kong,,,,,,,,,,1552653,,,Pandora Papers - Il Shin Corporate Consulting Limited,Provider data is current through 2018,
240400127,JOINT TACT LIMITED ( 群訊有限公司),,,HKG,Hong Kong,,,,,,,,,,1388839,,,Pandora Papers - Il Shin Corporate Consulting Limited,Provider data is current through nan,
240400128,JOYCO LIMITED,,,HKG,Hong Kong,,,,,,,,,,1248600,,,Pandora Papers - Il Shin Corporate Consulting Limited,Provider data is current through 2018,
240400129,"JS ASIA INVESTMENT CO., LIMITED",,,HKG,Hong Kong,,,,,,,,,,863184,,,Pandora Papers - Il Shin Corporate Consulting Limited,Provider data is current through 2018,
240400130,"JULSY HOLDINGS CO., LIMITED",,,HKG,Hong Kong,,,,,,,,,,2023638,,,Pandora Papers - Il Shin Corporate Consulting Limited,Provider data is current through 2018,
240400131,JUPITER PARTNERS LIMITED,,,HKG,Hong Kong,,,,,,,,,,2351032,,,Pandora Papers - Il Shin Corporate Consulting Limited,Provider data is current through 2018,
240400132,JY HONG KONG COMMERCE LIMITED,,,HKG,Hong Kong,,,,,,,,,,2697219,,,Pandora Papers - Il Shin Corporate Consulting Limited,Provider data is current through 2018,
240400133,"K&I HK CO., LIMITED",,,HKG,Hong Kong,,,,,,,,,,2045639,,,Pandora Papers - Il Shin Corporate Consulting Limited,Provider data is current through nan,
240400134,KAMCO GLOBAL INVESTMENT II LIMITED,,,HKG,Hong Kong,,,,,,,,,,1340567,,,Pandora Papers - Il Shin Corporate Consulting Limited,Provider data is current through 2018,
240400135,KIWOOM HONG KONG LIMITED,,,HKG,Hong Kong,,,,,,,,,,2720805,,,Pandora Papers - Il Shin Corporate Consulting Limited,Provider data is current through 2019,
240400136,KIWOOM HONG KONG LIMITED,,,HKG,Hong Kong,,,,,,,,,,1672128,,,Pandora Papers - Il Shin Corporate Consulting Limited,Provider data is current through 2018,
240400137,"KJPRETECH ASIA HOLDINGS CO., LIMITED",,,HKG,Hong Kong,,,,,,,,,,810267,,,Pandora Papers - Il Shin Corporate Consulting Limited,Provider data is current through nan,
240400138,KOLON CHINA (HK) COMPANY LIMITED,,,HKG,Hong Kong,,,,,,,,,,1790193,,,Pandora Papers - Il Shin Corporate Consulting Limited,Provider data is current through 2018,
240400139,"KOLON WORLD INVESTMENT CO., LIMITED",,,HKG,Hong Kong,,,,,,,,,,1601720,,,Pandora Papers - Il Shin Corporate Consulting Limited,Provider data is current through nan,
240400140,KOR-KAZ CNG INVESTMENT LIMITED,,,HKG,Hong Kong,,,,,,,,,,1681347,,,Pandora Papers - Il Shin Corporate Consulting Limited,Provider data is current through nan,
240400141,"KOREA CARBON INTERNATIONAL CO., LIMITED",,,HKG,Hong Kong,,,,,,,,,,1369209,,,Pandora Papers - Il Shin Corporate Consulting Limited,Provider data is current through 2018,
240400142,KT HONG KONG LIMITED,,,HKG,Hong Kong,,,,,,,,,,779882,,,Pandora Papers - Il Shin Corporate Consulting Limited,Provider data is current through 2018,
240400143,"KT HONG KONG TELECOMMUNICATIONS CO., LIMITED",,,HKG,Hong Kong,,,,,,,,,,2344940,,,Pandora Papers - Il Shin Corporate Consulting Limited,Provider data is current through 2018,
240400144,KTI HONG KONG LIMITED,,,HKG,Hong Kong,,,,,,,,,,1702743,,,Pandora Papers - Il Shin Corporate Consulting Limited,Provider data is current through nan,
240400145,KUMHO CONSTRUCTION & ENGINEERING (H.K.) LIMITED (  錦湖建設 (香港 )有限公司),,,HKG,Hong Kong,,,,,,,,,,503005,,,Pandora Papers - Il Shin Corporate Consulting Limited,Provider data is current through 2018,
240400146,"KUMHO HOLDINGS (H.K.) CO., LIMITED ( 錦湖控股 (香港 )有限公司)",,,HKG,Hong Kong,,,,,,,,,,1076907,,,Pandora Papers - Il Shin Corporate Consulting Limited,Provider data is current through 2018,
240400147,"KUMHO PETRO-HOLDINGS (H.K.) CO., LIMITED (錦湖石化控股(香港)有限公司)",,,HKG,Hong Kong,,,,,,,,,,1079623,,,Pandora Papers - Il Shin Corporate Consulting Limited,Provider data is current through 2018,
240400148,KUMHO TIRE (H.K.) CO. LIMITED,,,HKG,Hong Kong,,,,,,,,,,932400,,,Pandora Papers - Il Shin Corporate Consulting Limited,Provider data is current through 2018,
240400149,LANTU GAMES LIMITED ( 藍圖遊戲有限公司),,,HKG,Hong Kong,,,,,,,,,,2280305,,,Pandora Papers - Il Shin Corporate Consulting Limited,Provider data is current through 2018,
240400150,"LASERVALL ASIA CO., LIMITED",,,HKG,Hong Kong,,,,,,,,,,838380,,,Pandora Papers - Il Shin Corporate Consulting Limited,Provider data is current through 2018,
240400151,LFG HOLDINGS LIMITED ( 連我環球控股有限公司),,,HKG,Hong Kong,,,,,,,,,,2596117,,,Pandora Papers - Il Shin Corporate Consulting Limited,Provider data is current through 2018,
240400152,LLARISSA INTERNATIONAL LIMITED,,,HKG,Hong Kong,,,,,,,,,,2528084,,,Pandora Papers - Il Shin Corporate Consulting Limited,Provider data is current through 2018,
240400153,LOTTE ASSET MANAGEMENT (HONG KONG) LIMITED (樂天資產管理(香港)有限公司),,,HKG,Hong Kong,,,,,,,,,,1877650,,,Pandora Papers - Il Shin Corporate Consulting Limited,Provider data is current through 2018,
240400154,"LOTTE CINEMA HONG KONG CO., LIMITED ( 樂天戲院 (香港 )有限公司)",,,HKG,Hong Kong,,,,,,,,,,2458831,,,Pandora Papers - Il Shin Corporate Consulting Limited,Provider data is current through nan,
240400155,LOTTE HOLDINGS HONG KONG LIMITED,,,HKG,Hong Kong,,,,,,,,,,1074409,,,Pandora Papers - Il Shin Corporate Consulting Limited,Provider data is current through 2018,
240400156,LOTTE PROPERTIES (CHENGDU) HK LIMITED (樂天地産(成都)香港有限公司),,,HKG,Hong Kong,,,,,,,,,,1381863,,,Pandora Papers - Il Shin Corporate Consulting Limited,Provider data is current through 2018,
240400157,LOTTE PROPERTIES (SHENYANG) LIMITED ( 樂天地産 (瀋陽 )有限公司),,,HKG,Hong Kong,,,,,,,,,,1198612,,,Pandora Papers - Il Shin Corporate Consulting Limited,Provider data is current through nan,
240400158,LOTTE SHOPPING BUSINESS MANAGEMENT (HONG KONG) LIMITED ( 樂天購物(香港)商務管理有限公司),,,HKG,Hong Kong,,,,,,,,,,1686125,,,Pandora Papers - Il Shin Corporate Consulting Limited,Provider data is current through 2018,
240400159,"LOTTE SHOPPING HOLDINGS (HONG KONG) CO., LIMITED (樂天購物(香港)控股有限公司)",,,HKG,Hong Kong,,,,,,,,,,1264293,,,Pandora Papers - Il Shin Corporate Consulting Limited,Provider data is current through 2018,
240400160,LUPUS LIMITED,,,HKG,Hong Kong,,,,,,,,,,92131,,,Pandora Papers - Il Shin Corporate Consulting Limited,Provider data is current through 2018,
240400161,"MAEIL DAIRIES HONG KONG CO., LIMITED",,,HKG,Hong Kong,,,,,,,,,,2294801,,,Pandora Papers - Il Shin Corporate Consulting Limited,Provider data is current through 2018,
240400162,MALEEVA LIMITED,,,HKG,Hong Kong,,,,,,,,,,543937,,,Pandora Papers - Il Shin Corporate Consulting Limited,Provider data is current through 2018,
240400163,MAYAN ECLIPSE HONG KONG LIMITED,,,HKG,Hong Kong,,,,,,,,,,2476210,,,Pandora Papers - Il Shin Corporate Consulting Limited,Provider data is current through 2018,
240400164,METALABS HONGKONG LIMITED,,,HKG,Hong Kong,,,,,,,,,,2738238,,,Pandora Papers - Il Shin Corporate Consulting Limited,Provider data is current through 2019,
240400165,"MF&C CO., LIMITED",,,HKG,Hong Kong,,,,,,,,,,1672849,,,Pandora Papers - Il Shin Corporate Consulting Limited,Provider data is current through 2018,
240400166,"MK ELECTRON (H.K.) CO., LIMITED",,,HKG,Hong Kong,,,,,,,,,,1275914,,,Pandora Papers - Il Shin Corporate Consulting Limited,Provider data is current through 2018,
240400167,MONTEBELLUNA LIMITED,,,HKG,Hong Kong,,,,,,,,,,1891888,,,Pandora Papers - Il Shin Corporate Consulting Limited,Provider data is current through nan,
240400168,MS GLOBAL HOLDINGS LIMITED,,,HKG,Hong Kong,,,,,,,,,,2363342,,,Pandora Papers - Il Shin Corporate Consulting Limited,Provider data is current through 2018,
240400169,MSIC HONG KONG LIMITED,,,HKG,Hong Kong,,,,,,,,,,1656689,,,Pandora Papers - Il Shin Corporate Consulting Limited,Provider data is current through 2018,
240400170,MSQUARED MANAGEMENT LIMITED,,,HKG,Hong Kong,,,,,,,,,,2110983,,,Pandora Papers - Il Shin Corporate Consulting Limited,Provider data is current through 2018,
240400171,MTM FOUNDATION LIMITED,,,HKG,Hong Kong,,,,,,,,,,2694504,,,Pandora Papers - Il Shin Corporate Consulting Limited,Provider data is current through 2018,
240400172,MUJIMA LIMITED,,,HKG,Hong Kong,,,,,,,,,,,,,Pandora Papers - Il Shin Corporate Consulting Limited,Provider data is current through 2018,
240400173,MUTUAL PLANNER LIMITED ( 浩益有限公司),,,HKG,Hong Kong,,,,,,,,,,2625191,,,Pandora Papers - Il Shin Corporate Consulting Limited,Provider data is current through 2018,
240400174,NAVIER STOKES INTERNATIONAL LIMITED,,,HKG,Hong Kong,,,,,,,,,,1832018,,,Pandora Papers - Il Shin Corporate Consulting Limited,Provider data is current through 2018,
240400175,"NEOWIZ GAMES ASIA CO., LIMITED ( 新遊亞洲有限公司)",,,HKG,Hong Kong,,,,,,,,,,1132775,,,Pandora Papers - Il Shin Corporate Consulting Limited,Provider data is current through 2018,
240400176,NEOWIZ PLAY STUDIO HONG KONG LIMITED,,,HKG,Hong Kong,,,,,,,,,,863184,,,Pandora Papers - Il Shin Corporate Consulting Limited,Provider data is current through nan,
240400177,NEOWIZ PLAY STUDIO HONG KONG LIMITED,,,HKG,Hong Kong,,,,,,,,,,,,,Pandora Papers - Il Shin Corporate Consulting Limited,Provider data is current through 2019,
240400178,"NETRUCK FRANZ CO., LIMITED",,,HKG,Hong Kong,,,,,,,,,,1877831,,,Pandora Papers - Il Shin Corporate Consulting Limited,Provider data is current through 2018,
240400179,NEWLAKE ALLIANCE ASIA LIMITED,,,HKG,Hong Kong,,,,,,,,,,2251437,,,Pandora Papers - Il Shin Corporate Consulting Limited,Provider data is current through 2018,
240400180,NEWSYSTOCK HONG KONG LIMITED ( 牛市通有限公司),,,HKG,Hong Kong,,,,,,,,,,2482528,,,Pandora Papers - Il Shin Corporate Consulting Limited,Provider data is current through 2018,
240400181,"NEX DISPLAY ASIA HOLDINGS CO., LIMITED",,,HKG,Hong Kong,,,,,,,,,,2036988,,,Pandora Papers - Il Shin Corporate Consulting Limited,Provider data is current through 2018,
240400182,NHN ENTERTAINMENT GREATER CHINA LIMITED,,,HKG,Hong Kong,,,,,,,,,,1999294,,,Pandora Papers - Il Shin Corporate Consulting Limited,Provider data is current through 2018,
240400183,NHN GREATER CHINA LIMITED,,,HKG,Hong Kong,,,,,,,,,,1999294,,,Pandora Papers - Il Shin Corporate Consulting Limited,Provider data is current through 2019,
240400184,NISSI ELECTRONICS LIMITED,,,HKG,Hong Kong,,,,,,,,,,1354953,,,Pandora Papers - Il Shin Corporate Consulting Limited,Provider data is current through 2018,
240400185,NOBLE CREATOR LIMITED ( 豪康有限公司),,,HKG,Hong Kong,,,,,,,,,,1721480,,,Pandora Papers - Il Shin Corporate Consulting Limited,Provider data is current through 2018,
240400186,NOETICS LIMITED,,,HKG,Hong Kong,,,,,,,,,,2256728,,,Pandora Papers - Il Shin Corporate Consulting Limited,Provider data is current through 2018,
240400187,"NOROO HOLDINGS (H.K.) CO., LIMITED ( 納路控股(香港)有限公司)",,,HKG,Hong Kong,,,,,,,,,,1142173,,,Pandora Papers - Il Shin Corporate Consulting Limited,Provider data is current through 2020,
240400188,NORTON HOUSE EDUCATION LIMITED ( 諾德教育有限公司),,,HKG,Hong Kong,,,,,,,,,,2199646,,,Pandora Papers - Il Shin Corporate Consulting Limited,Provider data is current through 2018,
240400189,NUMBER ANALYTICS ASIA LIMITED,,,HKG,Hong Kong,,,,,,,,,,2548807,,,Pandora Papers - Il Shin Corporate Consulting Limited,Provider data is current through nan,
240400190,OASIS FOUNDATION LIMITED,,,HKG,Hong Kong,,,,,,,,,,1795618,,,Pandora Papers - Il Shin Corporate Consulting Limited,Provider data is current through 2018,
240400191,OCEAN MARITIME HONG KONG LIMITED,,,HKG,Hong Kong,,,,,,,,,,1127328,,,Pandora Papers - Il Shin Corporate Consulting Limited,Provider data is current through 2018,
240400192,OFMOM COMPANY LIMITED ( 高麗之母有限公司),,,HKG,Hong Kong,,,,,,,,,,1151972,,,Pandora Papers - Il Shin Corporate Consulting Limited,Provider data is current through 2018,
240400193,ONE SOCCER LIMITED,,,HKG,Hong Kong,,,,,,,,,,,,,Pandora Papers - Il Shin Corporate Consulting Limited,Provider data is current through 2019,
240400194,"P&G INTERNATIONAL CO., LIMITED",,,HKG,Hong Kong,,,,,,,,,,975562,,,Pandora Papers - Il Shin Corporate Consulting Limited,Provider data is current through 2018,
240400195,PARMI HK LIMITED ( 八美香港有限公司),,,HKG,Hong Kong,,,,,,,,,,2266640,,,Pandora Papers - Il Shin Corporate Consulting Limited,Provider data is current through 2018,
240400196,PD SPORTS (HONG KONG) LIMITED (  (),,,HKG,Hong Kong,,,,,,,,,,1472114,,,Pandora Papers - Il Shin Corporate Consulting Limited,Provider data is current through 2019,
240400197,PETERHOUSE INTERNATIONAL PRESCHOOL LIMITED (  (),,,HKG,Hong Kong,,,,,,,,,,2138025,,,Pandora Papers - Il Shin Corporate Consulting Limited,Provider data is current through 2018,
240400198,PLUSPLAY LIMITED ( 加玩有限公司),,,HKG,Hong Kong,,,,,,,,,,,,,Pandora Papers - Il Shin Corporate Consulting Limited,Provider data is current through nan,
240400199,POONGSAN (H.K.) LIMITED ( 豐山(香港)有限公司),,,HKG,Hong Kong,,,,,,,,,,334521,,,Pandora Papers - Il Shin Corporate Consulting Limited,Provider data is current through 2018,
240400200,POSCO ASIA COMPANY LIMITED ( 浦亞實業有限公司),,,HKG,Hong Kong,,,,,,,,,,160790,,,Pandora Papers - Il Shin Corporate Consulting Limited,Provider data is current through 2018,
240400201,POSEIDON GLOBAL TRADING (HK) LIMITED,,,HKG,Hong Kong,,,,,,,,,,2587833,,,Pandora Papers - Il Shin Corporate Consulting Limited,Provider data is current through 2019,
240400202,PPB HONG KONG LIMITED,,,HKG,Hong Kong,,,,,,,,,,2323566,,,Pandora Papers - Il Shin Corporate Consulting Limited,Provider data is current through nan,
240400203,REDBEAN CONSULTING LIMITED,,,HKG,Hong Kong,,,,,,,,,,2545486,,,Pandora Papers - Il Shin Corporate Consulting Limited,Provider data is current through 2018,
240400204,ROTORUA (HONG KONG) COMPANY LIMITED,,,HKG,Hong Kong,,,,,,,,,,1872015,,,Pandora Papers - Il Shin Corporate Consulting Limited,Provider data is current through 2018,
240400205,ROYAL INSPECTION INTERNATIONAL LIMITED,,,HKG,Hong Kong,,,,,,,,,,2297613,,,Pandora Papers - Il Shin Corporate Consulting Limited,Provider data is current through 2018,
240400206,S & G HOLDINGS LIMITED,,,HKG,Hong Kong,,,,,,,,,,1075434,,,Pandora Papers - Il Shin Corporate Consulting Limited,Provider data is current through 2019,
240400207,S&S INTERNATIONAL LIMITED ( 蘇辛國際有限公司),,,HKG,Hong Kong,,,,,,,,,,2931562,,,Pandora Papers - Il Shin Corporate Consulting Limited,Provider data is current through 2020,
240400208,SAE-A HK LIMITED,,,HKG,Hong Kong,,,,,,,,,,1605017,,,Pandora Papers - Il Shin Corporate Consulting Limited,Provider data is current through 2018,
240400209,SAE-A HK LIMITED,,,HKG,Hong Kong,,,,,,,,,,,,,Pandora Papers - Il Shin Corporate Consulting Limited,Provider data is current through nan,
240400210,SAEHAN HOLDINGS LIMITED ( 世韓控股有限公司),,,HKG,Hong Kong,,,,,,,,,,1375877,,,Pandora Papers - Il Shin Corporate Consulting Limited,Provider data is current through nan,
240400211,"SATURN AGRICULTURE INVESTMENT CO., LIMITED ( 穡騰投資有限公司)",,,HKG,Hong Kong,,,,,,,,,,2460239,,,Pandora Papers - Il Shin Corporate Consulting Limited,Provider data is current through 2018,
240400212,SCL GLOBAL NETWORKS LIMITED,,,HKG,Hong Kong,,,,,,,,,,1217344,,,Pandora Papers - Il Shin Corporate Consulting Limited,Provider data is current through 2018,
240400213,SEENET INTERNATIONAL LIMITED ( 先領國際有限公司),,,HKG,Hong Kong,,,,,,,,,,843941,,,Pandora Papers - Il Shin Corporate Consulting Limited,Provider data is current through 2018,
240400214,SEGI LIMITED,,,HKG,Hong Kong,,,,,,,,,,1013785,,,Pandora Papers - Il Shin Corporate Consulting Limited,Provider data is current through 2018,
240400215,SENO CHINA LIMITED,,,HKG,Hong Kong,,,,,,,,,,2763311,,,Pandora Papers - Il Shin Corporate Consulting Limited,Provider data is current through 2019,
240400216,"SEOHAN GLOBIZ HK CO., LIMITED",,,HKG,Hong Kong,,,,,,,,,,1512230,,,Pandora Papers - Il Shin Corporate Consulting Limited,Provider data is current through 2018,
240400217,SEOUL AUCTION HONG KONG LIMITED ( 首爾拍賣香港有限公司),,,HKG,Hong Kong,,,,,,,,,,1263917,,,Pandora Papers - Il Shin Corporate Consulting Limited,Provider data is current through nan,
240400218,SH GLOBAL PARTNERS LIMITED,,,HKG,Hong Kong,,,,,,,,,,1036389,,,Pandora Papers - Il Shin Corporate Consulting Limited,Provider data is current through 2018,
240400219,SHEENBANG GLS LIMITED,,,HKG,Hong Kong,,,,,,,,,,1229916,,,Pandora Papers - Il Shin Corporate Consulting Limited,Provider data is current through 2020,
240400220,"SHELLS HOLDINGS CO., LIMITED",,,HKG,Hong Kong,,,,,,,,,,2025923,,,Pandora Papers - Il Shin Corporate Consulting Limited,Provider data is current through 2018,
240400221,SHILLA TRAVEL RETAIL DUTY FREE HK LIMITED,,,HKG,Hong Kong,,,,,,,,,,,,,Pandora Papers - Il Shin Corporate Consulting Limited,Provider data is current through 2020,
240400222,SHINDONG INTERNATIONAL LIMITED,,,HKG,Hong Kong,,,,,,,,,,567694,,,Pandora Papers - Il Shin Corporate Consulting Limited,Provider data is current through 2018,
240400223,SHUSHU & SASSY INTERNATIONAL LIMITED ( 秀淑國際有限公司),,,HKG,Hong Kong,,,,,,,,,,,,,Pandora Papers - Il Shin Corporate Consulting Limited,Provider data is current through nan,
240400224,SIMMTECH HONG KONG HOLDINGS LIMITED,,,HKG,Hong Kong,,,,,,,,,,1481663,,,Pandora Papers - Il Shin Corporate Consulting Limited,Provider data is current through nan,
240400225,SINGSONG (H.K.) LIMITED ( 新松(香港)有限公司),,,HKG,Hong Kong,,,,,,,,,,829484,,,Pandora Papers - Il Shin Corporate Consulting Limited,Provider data is current through 2018,
240400226,"SK BIO ENERGY HONG KONG CO., LIMITED ( 愛思開生物能源 (香港 )有限公司)",,,HKG,Hong Kong,,,,,,,,,,1774341,,,Pandora Papers - Il Shin Corporate Consulting Limited,Provider data is current through 2018,
240400227,SK ENERGY HONG KONG LIMITED,,,HKG,Hong Kong,,,,,,,,,,1534469,,,Pandora Papers - Il Shin Corporate Consulting Limited,Provider data is current through nan,
240400228,"SK ENERGY ROAD INVESTMENT (HK) CO., LIMITED",,,HKG,Hong Kong,,,,,,,,,,1170686,,,Pandora Papers - Il Shin Corporate Consulting Limited,Provider data is current through 2018,
240400229,SK GLOBAL CHEMICAL CHINA LIMITED,,,HKG,Hong Kong,,,,,,,,,,2206428,,,Pandora Papers - Il Shin Corporate Consulting Limited,Provider data is current through nan,
240400230,SK GLOBAL CHEMICAL CHINA LIMITED,,,HKG,Hong Kong,,,,,,,,,,,,,Pandora Papers - Il Shin Corporate Consulting Limited,Provider data is current through 2018,
240400231,SK GLOBAL CHEMICAL INVESTMENT HONG KONG LIMITED ( 愛思開綜合化學投資香港有限公司),,,HKG,Hong Kong,,,,,,,,,,1738371,,,Pandora Papers - Il Shin Corporate Consulting Limited,Provider data is current through 2018,
240400232,SK GLOBAL HEALTHCARE BUSINESS GROUP LIMITED ( 愛思開國際醫療事業集團有限公司),,,HKG,Hong Kong,,,,,,,,,,1800704,,,Pandora Papers - Il Shin Corporate Consulting Limited,Provider data is current through 2018,
240400233,"SK HEALTHCARE CO., LIMITED",,,HKG,Hong Kong,,,,,,,,,,1908829,,,Pandora Papers - Il Shin Corporate Consulting Limited,Provider data is current through nan,
240400234,SK SHIPPING HONG KONG LIMITED ( 愛思開海運 (香港 )有限公司),,,HKG,Hong Kong,,,,,,,,,,1175721,,,Pandora Papers - Il Shin Corporate Consulting Limited,Provider data is current through nan,
240400235,"SK TELECOM SMART CITY MANAGEMENT CO., LIMITED (  愛思開電訊智能城市管理有限公司)",,,HKG,Hong Kong,,,,,,,,,,1441752,,,Pandora Papers - Il Shin Corporate Consulting Limited,Provider data is current through 2018,
240400236,"SK-VISTA MEDICAL CENTER CO., LIMITED ( 維世達知凱醫療有限公司)",,,HKG,Hong Kong,,,,,,,,,,1934763,,,Pandora Papers - Il Shin Corporate Consulting Limited,Provider data is current through nan,
240400237,SKYASSET INVESTMENTS HONG KONG LIMITED,,,HKG,Hong Kong,,,,,,,,,,2050765,,,Pandora Papers - Il Shin Corporate Consulting Limited,Provider data is current through 2018,
240400238,SL SQUARE INVESTMENT LIMITED,,,HKG,Hong Kong,,,,,,,,,,2290906,,,Pandora Papers - Il Shin Corporate Consulting Limited,Provider data is current through 2018,
240400239,"SM (HZ) CO., LIMITED",,,HKG,Hong Kong,,,,,,,,,,1171277,,,Pandora Papers - Il Shin Corporate Consulting Limited,Provider data is current through 2018,
240400240,"SM (TJ) CO., LIMITED",,,HKG,Hong Kong,,,,,,,,,,1171271,,,Pandora Papers - Il Shin Corporate Consulting Limited,Provider data is current through 2018,
240400241,"SM (WH) CO., LIMITED",,,HKG,Hong Kong,,,,,,,,,,1171263,,,Pandora Papers - Il Shin Corporate Consulting Limited,Provider data is current through 2018,
240400242,SMART2ON LIMITED,,,HKG,Hong Kong,,,,,,,,,,1523848,,,Pandora Papers - Il Shin Corporate Consulting Limited,Provider data is current through nan,
240400243,SNOW CHINA LIMITED,,,HKG,Hong Kong,,,,,,,,,,2421430,,,Pandora Papers - Il Shin Corporate Consulting Limited,Provider data is current through 2018,
240400244,SORRISO (HONG KONG) LIMITED ( 索里索(香港)有限公司),,,HKG,Hong Kong,,,,,,,,,,1922650,,,Pandora Papers - Il Shin Corporate Consulting Limited,Provider data is current through nan,
240400245,SPREAD ON LIMITED ( 弘安有限公司),,,HKG,Hong Kong,,,,,,,,,,1000060,,,Pandora Papers - Il Shin Corporate Consulting Limited,Provider data is current through 2018,
240400246,SS INVESTMENT LIMITED,,,HKG,Hong Kong,,,,,,,,,,1242538,,,Pandora Papers - Il Shin Corporate Consulting Limited,Provider data is current through nan,
240400247,STAR SOLUTION (HK) LIMITED ( 利享科技有限公司),,,HKG,Hong Kong,,,,,,,,,,2502812,,,Pandora Papers - Il Shin Corporate Consulting Limited,Provider data is current through 2019,
240400248,STNC HONG KONG HOLDINGS LIMITED,,,HKG,Hong Kong,,,,,,,,,,1719391,,,Pandora Papers - Il Shin Corporate Consulting Limited,Provider data is current through 2018,
240400249,STS (HONG KONG) INVESTMENT COMPANY LIMITED,,,HKG,Hong Kong,,,,,,,,,,1238105,,,Pandora Papers - Il Shin Corporate Consulting Limited,Provider data is current through 2020,
240400250,STS (HONG KONG) PROPERTY CONSULTING LIMITED,,,HKG,Hong Kong,,,,,,,,,,1251589,,,Pandora Papers - Il Shin Corporate Consulting Limited,Provider data is current through 2018,
240400251,SUN HEALTHCARE INTERNATIONAL LIMITED ( 宣健國際有限公司),,,HKG,Hong Kong,,,,,,,,,,2191850,,,Pandora Papers - Il Shin Corporate Consulting Limited,Provider data is current through 2018,
240400252,"SUNBOND TECHNOLOGY (HONG KONG) CO., LIMITED ( 亮邦科技(香港)有限公司)",,,HKG,Hong Kong,,,,,,,,,,1123230,,,Pandora Papers - Il Shin Corporate Consulting Limited,Provider data is current through 2018,
240400253,SUPREME SPIRIT LIMITED ( 城峻有限公司),,,HKG,Hong Kong,,,,,,,,,,2382788,,,Pandora Papers - Il Shin Corporate Consulting Limited,Provider data is current through 2018,
240400254,SWIFT HARVEST LIMITED ( 豐捷有限公司),,,HKG,Hong Kong,,,,,,,,,,948747,,,Pandora Papers - Il Shin Corporate Consulting Limited,Provider data is current through 2018,
240400255,SWIFT HARVEST LIMITED ( 豐捷有限公司),,,HKG,Hong Kong,,,,,,,,,,,,,Pandora Papers - Il Shin Corporate Consulting Limited,Provider data is current through 2018,
240400256,TERRA HILL LIMITED,,,HKG,Hong Kong,,,,,,,,,,,,,Pandora Papers - Il Shin Corporate Consulting Limited,Provider data is current through 2020,
240400257,TFORM CAREER CONSULTANT COMPANY LIMITED ( 鼎豐事業顧問有限公司),,,HKG,Hong Kong,,,,,,,,,,2703781,,,Pandora Papers - Il Shin Corporate Consulting Limited,Provider data is current through nan,
240400258,THE HUE GLOBAL LIMITED,,,HKG,Hong Kong,,,,,,,,,,1268852,,,Pandora Papers - Il Shin Corporate Consulting Limited,Provider data is current through 2018,
240400259,THE PRESBYTERIAN CHURCH OF KOREA DONG SHIN (HONG KONG) CHURCH LIMITED ( 大韓耶穌教長老會香港東信教會有限公司),,,HKG,Hong Kong,,,,,,,,,,137274,,,Pandora Papers - Il Shin Corporate Consulting Limited,Provider data is current through 2019,
240400260,TJ GLOBAL LIMITED,,,HKG,Hong Kong,,,,,,,,,,1086053,,,Pandora Papers - Il Shin Corporate Consulting Limited,Provider data is current through nan,
240400261,TJ INTERNATIONAL ASIA LIMITED,,,HKG,Hong Kong,,,,,,,,,,1010011,,,Pandora Papers - Il Shin Corporate Consulting Limited,Provider data is current through 2018,
240400262,"TNPI C&T H.K. CO., LIMITED",,,HKG,Hong Kong,,,,,,,,,,1800725,,,Pandora Papers - Il Shin Corporate Consulting Limited,Provider data is current through 2018,
240400263,"TNPI GLOBAL CO., LIMITED",,,HKG,Hong Kong,,,,,,,,,,2551784,,,Pandora Papers - Il Shin Corporate Consulting Limited,Provider data is current through 2018,
240400264,"TNPI HK CO., LIMITED",,,HKG,Hong Kong,,,,,,,,,,1706794,,,Pandora Papers - Il Shin Corporate Consulting Limited,Provider data is current through 2018,
240400265,TOO COOL FOR SCHOOL (HONG KONG) COSMETICS LIMITED,,,HKG,Hong Kong,,,,,,,,,,2494521,,,Pandora Papers - Il Shin Corporate Consulting Limited,Provider data is current through 2018,
240400266,TRANSGLOBAL CONSULTING (HK) LIMITED,,,HKG,Hong Kong,,,,,,,,,,976423,,,Pandora Papers - Il Shin Corporate Consulting Limited,Provider data is current through 2018,
240400267,TRENDY ELITE LIMITED ( 滙建有限公司),,,HKG,Hong Kong,,,,,,,,,,1885883,,,Pandora Papers - Il Shin Corporate Consulting Limited,Provider data is current through 2018,
240400268,"TRIMMERS INTERNATIONAL CO., LIMITED",,,HKG,Hong Kong,,,,,,,,,,1102585,,,Pandora Papers - Il Shin Corporate Consulting Limited,Provider data is current through 2018,
240400269,TRION INTERNATIONAL CORPORATION LIMITED ( 德來漢有限公司),,,HKG,Hong Kong,,,,,,,,,,756615,,,Pandora Papers - Il Shin Corporate Consulting Limited,Provider data is current through nan,
240400270,TSD GLOBAL HONGKONG LIMITED,,,HKG,Hong Kong,,,,,,,,,,2195681,,,Pandora Papers - Il Shin Corporate Consulting Limited,Provider data is current through 2018,
240400271,TSM GLOBAL LIMITED,,,HKG,Hong Kong,,,,,,,,,,1605999,,,Pandora Papers - Il Shin Corporate Consulting Limited,Provider data is current through nan,
240400272,TY TCM CENTER (HK) LIMITED ( 天醫堂有限公司),,,HKG,Hong Kong,,,,,,,,,,2612824,,,Pandora Papers - Il Shin Corporate Consulting Limited,Provider data is current through 2018,
240400273,UCG HONG KONG LIMITED,,,HKG,Hong Kong,,,,,,,,,,2497514,,,Pandora Papers - Il Shin Corporate Consulting Limited,Provider data is current through nan,
240400274,UVD ENTERPRISE LIMITED ( 日活企業有限公司),,,HKG,Hong Kong,,,,,,,,,,599265,,,Pandora Papers - Il Shin Corporate Consulting Limited,Provider data is current through 2018,
240400275,VANTIX INVESTMENT LIMITED ( 雄成投資有限公司),,,HKG,Hong Kong,,,,,,,,,,1192308,,,Pandora Papers - Il Shin Corporate Consulting Limited,Provider data is current through 2018,
240400276,VISION TECHNICS (H.K.) LIMITED,,,HKG,Hong Kong,,,,,,,,,,876657,,,Pandora Papers - Il Shin Corporate Consulting Limited,Provider data is current through 2018,
240400277,VISION VIEWER LIMITED,,,HKG,Hong Kong,,,,,,,,,,756927,,,Pandora Papers - Il Shin Corporate Consulting Limited,Provider data is current through 2018,
240400278,WATONG ENTERTAINMENT LIMITED,,,HKG,Hong Kong,,,,,,,,,,2440496,,,Pandora Papers - Il Shin Corporate Consulting Limited,Provider data is current through 2018,
240400279,WEMADE HONG KONG LIMITED,,,HKG,Hong Kong,,,,,,,,,,2206351,,,Pandora Papers - Il Shin Corporate Consulting Limited,Provider data is current through 2018,
240400280,WESPIA HONG KONG LIMITED,,,HKG,Hong Kong,,,,,,,,,,1519305,,,Pandora Papers - Il Shin Corporate Consulting Limited,Provider data is current through 2018,
240400281,WINIADAEWOO LIMITED,,,HKG,Hong Kong,,,,,,,,,,2771197,,,Pandora Papers - Il Shin Corporate Consulting Limited,Provider data is current through 2019,
240400282,WIREBARLEY FINANCE CENTER LIMITED ( 滙寶利金融中心有限公司),,,HKG,Hong Kong,,,,,,,,,,2660157,,,Pandora Papers - Il Shin Corporate Consulting Limited,Provider data is current through 2018,
240400283,WIREBARLEY HONG KONG LIMITED ( 滙寶利香港有限公司),,,HKG,Hong Kong,,,,,,,,,,2660156,,,Pandora Papers - Il Shin Corporate Consulting Limited,Provider data is current through 2018,
240400284,WK ELECTRONICS LIMITED ( 勝遠貿易有限公司),,,HKG,Hong Kong,,,,,,,,,,1639289,,,Pandora Papers - Il Shin Corporate Consulting Limited,Provider data is current through 2018,
240400285,"WOOJEON (H.K.) CO., LIMITED",,,HKG,Hong Kong,,,,,,,,,,1093592,,,Pandora Papers - Il Shin Corporate Consulting Limited,Provider data is current through 2018,
240400286,XINAPSE HONG KONG LIMITED,,,HKG,Hong Kong,,,,,,,,,,2751499,,,Pandora Papers - Il Shin Corporate Consulting Limited,Provider data is current through nan,
240400287,XINAPSE HONG KONG LIMITED,,,HKG,Hong Kong,,,,,,,,,,,,,Pandora Papers - Il Shin Corporate Consulting Limited,Provider data is current through 2019,
240400288,Y.JACOBS MEDICAL GROUP LIMITED,,,HKG,Hong Kong,,,,,,,,,,2230670,,,Pandora Papers - Il Shin Corporate Consulting Limited,Provider data is current through 2018,
240400289,Y502 LIMITED,,,HKG,Hong Kong,,,,,,,,,,2617465,,,Pandora Papers - Il Shin Corporate Consulting Limited,Provider data is current through nan,
240400290,"YING-XIN ELECTRONICS CO., LIMITED",,,HKG,Hong Kong,,,,,,,,,,2284592,,,Pandora Papers - Il Shin Corporate Consulting Limited,Provider data is current through 2018,
240400291,"ZERO TO SEVEN TRADING (H.K.) CO., LIMITED ( 零到七貿易(香港)有限公司)",,,HKG,Hong Kong,,,,,,,,,,2206554,,,Pandora Papers - Il Shin Corporate Consulting Limited,Provider data is current through 2018,
240400292,ZYX TRAVEL (HONG KONG) LIMITED,,,HKG,Hong Kong,,,,,,,,,,2459235,,,Pandora Papers - Il Shin Corporate Consulting Limited,Provider data is current through 2018,
240500495,GALAXIA TRADE CORP,,,VGB,British Virgin Islands,,,,,,,,,,,,,Pandora Papers - Trident Trust,Provider data is current through 2016,
240500514,GLAISTER INVESTMENT LIMITED,,,VGB,British Virgin Islands,,,,,,,,,,,,,Pandora Papers - Trident Trust,Provider data is current through 2016,
240500073,APPLETON TRADE & INVESTMENT LTD,,,VGB,British Virgin Islands,,,,,,,,,,,,,Pandora Papers - Trident Trust,Provider data is current through 2016,
240500211,BULLS TRADE CORPORATION,,,VGB,British Virgin Islands,,,,,,,,,,,,,Pandora Papers - Trident Trust,Provider data is current through 2016,
240500273,CHRYSTIE TRADING INC,,,VGB,British Virgin Islands,,,,,,,,,,,,,Pandora Papers - Trident Trust,Provider data is current through 2016,
240500274,CHRYSTIE TRADING INC,,,,,,,,,,,,,,,,,Pandora Papers - Trident Trust,Provider data is current through 2016,
240500453,FERRYLAKE TRADE & INVEST CORP,,,VGB,British Virgin Islands,,,,,,,,,,,,,Pandora Papers - Trident Trust,Provider data is current through 2016,
